Workbook
Name Leave_Allowance: 20
Name Overtime: 'HR Wages'!#REF!
Name Overtime_Rate: 'HR Wages'!#REF!
Name Hourly_Rate: 'HR Wages'!$J$13:$J$47
Name Leave_Available: 'HR Wages'!$H$13:$H$47
Name Department: 'HR Wages'!$E$13:$E$47
Name Email: 'HR Wages'!$D$13:$D$47
Name Emp_ID: 'HR Wages'!$A$13:$A$47
Name Status: 'HR Wages'!$B$13:$B$47
Name Departments: 'HR Wages'!$H$4:$H$9
Name Full_Name: 'HR Wages'!$C$13:$C$47

Sheet Instructions
I2: Excel Skills for Data Analytics and Visualization
I3: Course 1 — Excel Fundamentals for Data Analysis
I5: Week 4 Practice Challenge
B8: Instructions
B9: All the following instructions are to be carried out in the HR Wages sheet. For help click on the Hints to the right.
B11: 1a) | C11: Click somewhere in the employee data set and insert a table.
B12: b) | C12: Rename the table to tblStaff.
B14: 2) | C14: Change the table style to Dark Red Table Style Medium 16.
B15: b) | C15: Turn off Banded Rows and turn on Banded Columns.
B17: 3) | C17: Turn on the Total Row and modify it to include Total Days Sick and Total Leave Available.
B19: 4a) | C19: In K13 multiply the hours in I13 by the rate in J13 to get the week's pay. The table should auto extend and copy the formula down.
B20: b) | C20: Change the column heading to Pay.
B21: c) | C21: Change the Total row to include total pay.
B23: 5) | C23: In B10 calculate the Total Pay by adding the values in the new Pay column. Select the data by clicking at the top of the column.
C24: (Note: Unlike the Total row, this value will not adjust when the table is filtered.)
B26: 6) | C26: In I4 calculate how many staff are in the Accounting department (use the named range). Copy Down. | P26: Hint
B28: 7a) | C28: In J4 calculate the total days sick for the Accounting department. Use a named range for department, but for Days Sick you will need to select the table column. | P28: Hint
B29: b) | C29: Change the cell reference for H4 to mixed so that the column is absolute but the row is relative. Copy the formula down and then across. | P29: Hint
B31: 8a) | C31: Convert the range K3 to H9 to a table called tblSummary.
B32: b) | C32: In the Table Style options switch off Banded Rows and turn on First Column.
B34: 9) | C34: Apply Data Validation to the Department column so that users must select a department from the predefined named range “Departments.
B36: 10a) | C36: In cell H10 add Marketing and press Enter. Note how the table extends down automatically.
B37: b) | C37: Use the updated drop down list to change E15 to Marketing. Note how the Summary table automatically updates.
B39: 11) | C39: Use the autofilter button to sort the data by Pay (Largest to Smallest).
B41: 12a) | C41: Use the autofilter buttons to filter the data to only show part-time sales staff. Type their total pay into O39 (on this sheet). | O41: 0 | P41: =IF(O41=0,0,IF(O41=20887.5,1,2)) -> 0
B42: b) | C42: Clear all filters.
B44: 13a) | C44: Add two slicers, one for Department and one for Status.
B45: b) | C45: Apply styling to each, move them to above the Staff data and adjust the height so they fit nicely.
B47: 14) | C47: Use the slicers to filter the data to show full time IT staff. Type (don't copy/paste) their average hourly rate into O45. | O47: 0 | P47: =IF(O47=0,0,IF(O47=91.47,1,2)) -> 0
B49: The finished sheet should look something like this:

Sheet HR Wages
A1: ZenCo Staff Wages
H3: Departments | I3: Staff Number | J3: Total Days Sick | K3: Total Leave Taken
H4: Accounting | I4: =COUNTIFS(Department,H4) -> 4 | J4: =SUMIFS('HR Wages'!$F$13:$F$47,Department,$H4) -> 15 | K4: =SUMIFS('HR Wages'!$G$13:$G$47,Department,$H4) -> 46
H5: Customer Service | I5: =COUNTIFS(Department,H5) -> 5 | J5: =SUMIFS('HR Wages'!$F$13:$F$47,Department,$H5) -> 10 | K5: =SUMIFS('HR Wages'!$G$13:$G$47,Department,$H5) -> 52
H6: Executive | I6: =COUNTIFS(Department,H6) -> 2 | J6: =SUMIFS('HR Wages'!$F$13:$F$47,Department,$H6) -> 5 | K6: =SUMIFS('HR Wages'!$G$13:$G$47,Department,$H6) -> 10
H7: Human Resources | I7: =COUNTIFS(Department,H7) -> 4 | J7: =SUMIFS('HR Wages'!$F$13:$F$47,Department,$H7) -> 12 | K7: =SUMIFS('HR Wages'!$G$13:$G$47,Department,$H7) -> 38
H8: IT | I8: =COUNTIFS(Department,H8) -> 5 | J8: =SUMIFS('HR Wages'!$F$13:$F$47,Department,$H8) -> 18 | K8: =SUMIFS('HR Wages'!$G$13:$G$47,Department,$H8) -> 83
H9: Sales | I9: =COUNTIFS(Department,H9) -> 15 | J9: =SUMIFS('HR Wages'!$F$13:$F$47,Department,$H9) -> 46 | K9: =SUMIFS('HR Wages'!$G$13:$G$47,Department,$H9) -> 190
A10: Total Pay
A12: Emp ID | B12: Status | C12: Full Name | D12: Email | E12: Department | F12: Days Sick | G12: Leave Taken | H12: Leave Available | I12: Hours | J12: Hourly Rate
A13: F1003 | B13: Full Time | C13: Eric Chung | D13: echung@zenco.com | E13: IT | F13: 2 | G13: 17 | H13: =Leave_Allowance-G13 -> 3 | I13: 43 | J13: 104.8
A14: F1110 | B14: Full Time | C14: Adam Barry | D14: abarry@zenco.com | E14: Customer Service | F14: 8 | G14: 15 | H14: =Leave_Allowance-G14 -> 5 | I14: 34 | J14: 75.9
A15: F1134 | B15: Full Time | C15: Mary Ferris | D15: mferris@zenco.com | E15: Sales | F15: 3 | G15: 19 | H15: =Leave_Allowance-G15 -> 1 | I15: 34 | J15: 73
A16: F1150 | B16: Full Time | C16: Susan Filosa | D16: sfilosa@zenco.com | E16: Customer Service | F16: 0 | G16: 15 | H16: =Leave_Allowance-G16 -> 5 | I16: 32 | J16: 62.5
A17: F1162 | B17: Full Time | C17: Barbara Carlton | D17: bcarlton@zenco.com | E17: Sales | F17: 6 | G17: 20 | H17: =Leave_Allowance-G17 -> 0 | I17: 34 | J17: 186.4
A18: F1172 | B18: Full Time | C18: Nicholas Fernandes | D18: nfernandes@zenco.com | E18: Accounting | F18: 5 | G18: 18 | H18: =Leave_Allowance-G18 -> 2 | I18: 33 | J18: 119
A19: F1180 | B19: Full Time | C19: Stevie Bacata | D19: sbacata@zenco.com | E19: Sales | F19: 3 | G19: 16 | H19: =Leave_Allowance-G19 -> 4 | I19: 43 | J19: 92.5
A20: F1186 | B20: Full Time | C20: Janet Comuntzis | D20: jcomuntzis@zenco.com | E20: Customer Service | F20: 1 | G20: 14 | H20: =Leave_Allowance-G20 -> 6 | I20: 36 | J20: 92.6
A21: F1215 | B21: Full Time | C21: Tina Desiato | D21: tdesiato@zenco.com | E21: IT | F21: 5 | G21: 18 | H21: =Leave_Allowance-G21 -> 2 | I21: 43 | J21: 88.4
A22: F1224 | B22: Full Time | C22: Jim Chaffee | D22: jchaffee@zenco.com | E22: Human Resources | F22: 4 | G22: 6 | H22: =Leave_Allowance-G22 -> 14 | I22: 30 | J22: 53.5
A23: F1232 | B23: Full Time | C23: Connor Betts | D23: cbetts@zenco.com | E23: Sales | F23: 1 | G23: 17 | H23: =Leave_Allowance-G23 -> 3 | I23: 37 | J23: 146.5
A24: F1235 | B24: Full Time | C24: Anna Clark | D24: aclark@zenco.com | E24: Accounting | F24: 2 | G24: 12 | H24: =Leave_Allowance-G24 -> 8 | I24: 34 | J24: 153.1
... A47: P1253 | B47: Part Time | C47: Elizabeth Clark | D47: eclark@zenco.com | E47: Customer Service | F47: 1 | G47: 5 | H47: =Leave_Allowance-G47 -> 15 | I47: 13 | J47: 67.2
